<?xml version="1.0" encoding="utf-8"?>
<install type="component" version="1.5.0">
	<name>Leonardo</name>
	<author>Manolis Andreadakis</author>
	<authorEmail>andread@thenet.gr</authorEmail>
	<authorUrl>leonardo.thenet.gr</authorUrl>	
	<creationDate>Oct 2008</creationDate>
	<copyright>(C) 2008 Manolis Andreadakis All rights reserved.</copyright>
	<license>http://www.gnu.org/copyleft/gpl.html GNU/GPL</license>
	<version>3.0.0 BETA</version>
	
	<description>Leonardo XC server</description>
	
	<files>
		<filename>leonardo.php</filename>
	</files>
	<administration>
		<menu>Leonardo</menu>
		<files>
			<filename>admin.leonardo.php</filename>
		</files>
	</administration>
</install>
