<?xml version='1.0' encoding='iso-8859-1' standalone='no'?>
<doxygen xmlns:xsi="http://www.w3.org/2001/XMLSchema-instance" xsi:noNamespaceSchemaLocation="compound.xsd" version="1.3.6">
  <compounddef id="namespacephp" kind="namespace">
    <compoundname>php</compoundname>
    <briefdescription>
<para>Routines to make an SSH connection to a remote host ::SSH. </para>    </briefdescription>
    <detaileddescription>
<para><simplesect kind="author"><para>Jos� R. Valverde &lt;<ulink url="mailto:jrvalverde@acm.org">jrvalverde@acm.org</ulink>&gt; </para></simplesect>
<simplesect kind="version"><para>0.1  Jos� R. Valverde &lt;<ulink url="mailto:jrvalverde@es.embnet.org">jrvalverde@es.embnet.org</ulink>&gt;</para></simplesect>
This library is free software; you can redistribute it and/or modify it under the terms of the GNU Lesser General Public License as published by the Free Software Foundation; either version 2.1 of the License, or (at your option) any later version.</para><para>This library is distributed in the hope that it will be useful, but WITHOUT ANY WARRANTY; without even the implied warranty of MERCHANTABILITY or FITNESS FOR A PARTICULAR PURPOSE. See the GNU Lesser General Public License for more details.</para><para>You should have received a copy of the GNU Lesser General Public License along with this library; if not, write to the Free Software Foundation, Inc., 59 Temple Place, Suite 330, Boston, MA 02111-1307 USA </para>    </detaileddescription>
    <location file="/mnt/data/www/EMBnet/cgi-src/Grid/php::ssh/src/remotessh.php" line="5"/>
  </compounddef>
</doxygen>
