<?xml version='1.0' encoding='iso-8859-1' standalone='no'?>
<doxygen xmlns:xsi="http://www.w3.org/2001/XMLSchema-instance" xsi:noNamespaceSchemaLocation="compound.xsd" version="1.3.6">
  <compounddef id="remotessh_8php" kind="file">
    <compoundname>remotessh.php</compoundname>
    <innernamespace refid="namespaceSExec">SExec</innernamespace>
      <sectiondef kind="func">
      <memberdef kind="function" id="remotessh_8php_1a0" prot="public" static="no" const="no" explicit="no" inline="no" virt="non-virtual">
        <type></type>
        <definition>do_ssh</definition>
        <argsstring>($host, $user, $password, $command)</argsstring>
        <name>do_ssh</name>
        <param>
          <type>$</type>
          <declname>host</declname>
        </param>
        <param>
          <type>$</type>
          <declname>user</declname>
        </param>
        <param>
          <type>$</type>
          <declname>password</declname>
        </param>
        <param>
          <type>$</type>
          <declname>command</declname>
        </param>
        <briefdescription>
<para>Do a remote ssh connection with local password. </para>        </briefdescription>
        <detaileddescription>
        </detaileddescription>
        <inbodydescription>
        </inbodydescription>
        <location file="/mnt/data/www/EMBnet/cgi-src/Grid/php::ssh/src/remotessh.php" line="30" bodystart="29" bodyend="41"/>
        <references refid="test-pers_8php_1a5" compoundref="test-pers_8php" startline="18">$fp</references>
        <references refid="test-pers_8php_1a4" compoundref="test-pers_8php" startline="10">$tmpfname</references>
      </memberdef>
      <memberdef kind="function" id="remotessh_8php_1a1" prot="public" static="no" const="no" explicit="no" inline="no" virt="non-virtual">
        <type></type>
        <definition>do_scp</definition>
        <argsstring>($origin, $destination, $password)</argsstring>
        <name>do_scp</name>
        <param>
          <type>$</type>
          <declname>origin</declname>
        </param>
        <param>
          <type>$</type>
          <declname>destination</declname>
        </param>
        <param>
          <type>$</type>
          <declname>password</declname>
        </param>
        <briefdescription>
<para>Do a remote scp connection with local password. </para>        </briefdescription>
        <detaileddescription>
        </detaileddescription>
        <inbodydescription>
        </inbodydescription>
        <location file="/mnt/data/www/EMBnet/cgi-src/Grid/php::ssh/src/remotessh.php" line="47" bodystart="46" bodyend="58"/>
        <references refid="test-pers_8php_1a5" compoundref="test-pers_8php" startline="18">$fp</references>
        <references refid="test-pers_8php_1a4" compoundref="test-pers_8php" startline="10">$tmpfname</references>
      </memberdef>
      </sectiondef>
    <briefdescription>
    </briefdescription>
    <detaileddescription>
    </detaileddescription>
    <programlisting>
<codeline lineno="1"><highlight class="normal">&lt;?php</highlight><highlight class="comment"></highlight></codeline>
<codeline lineno="2"><highlight class="comment">/**</highlight></codeline>
<codeline lineno="3"><highlight class="comment"><sp/>*<sp/>Routines<sp/>to<sp/>make<sp/>an<sp/>SSH<sp/>connection<sp/>to<sp/>a<sp/>remote<sp/>host</highlight></codeline>
<codeline lineno="4"><highlight class="comment"><sp/>*</highlight></codeline>
<codeline lineno="5"><highlight class="comment"><sp/>*<sp/>@package<sp/>SExec</highlight></codeline>
<codeline lineno="6"><highlight class="comment"><sp/>*<sp/>@author<sp/>Jos�<sp/>R.<sp/>Valverde<sp/>&lt;jrvalverde@acm.org&gt;</highlight></codeline>
<codeline lineno="7"><highlight class="comment"><sp/>*<sp/>@version<sp/>0.1</highlight></codeline>
<codeline lineno="8"><highlight class="comment"><sp/>*<sp/>@copyright<sp/>Jos�<sp/>R.<sp/>Valverde<sp/>&lt;jrvalverde@es.embnet.org&gt;</highlight></codeline>
<codeline lineno="9"><highlight class="comment"><sp/>*</highlight></codeline>
<codeline lineno="10"><highlight class="comment"><sp/>*<sp/>This<sp/>library<sp/>is<sp/>free<sp/>software;<sp/>you<sp/>can<sp/>redistribute<sp/>it<sp/>and/or</highlight></codeline>
<codeline lineno="11"><highlight class="comment"><sp/>*<sp/>modify<sp/>it<sp/>under<sp/>the<sp/>terms<sp/>of<sp/>the<sp/>GNU<sp/>Lesser<sp/>General<sp/>Public</highlight></codeline>
<codeline lineno="12"><highlight class="comment"><sp/>*<sp/>License<sp/>as<sp/>published<sp/>by<sp/>the<sp/>Free<sp/>Software<sp/>Foundation;<sp/>either</highlight></codeline>
<codeline lineno="13"><highlight class="comment"><sp/>*<sp/>version<sp/>2.1<sp/>of<sp/>the<sp/>License,<sp/>or<sp/>(at<sp/>your<sp/>option)<sp/>any<sp/>later<sp/>version.</highlight></codeline>
<codeline lineno="14"><highlight class="comment"><sp/>*<sp/></highlight></codeline>
<codeline lineno="15"><highlight class="comment"><sp/>*<sp/>This<sp/>library<sp/>is<sp/>distributed<sp/>in<sp/>the<sp/>hope<sp/>that<sp/>it<sp/>will<sp/>be<sp/>useful,</highlight></codeline>
<codeline lineno="16"><highlight class="comment"><sp/>*<sp/>but<sp/>WITHOUT<sp/>ANY<sp/>WARRANTY;<sp/>without<sp/>even<sp/>the<sp/>implied<sp/>warranty<sp/>of</highlight></codeline>
<codeline lineno="17"><highlight class="comment"><sp/>*<sp/>MERCHANTABILITY<sp/>or<sp/>FITNESS<sp/>FOR<sp/>A<sp/>PARTICULAR<sp/>PURPOSE.<sp/><sp/>See<sp/>the<sp/>GNU</highlight></codeline>
<codeline lineno="18"><highlight class="comment"><sp/>*<sp/>Lesser<sp/>General<sp/>Public<sp/>License<sp/>for<sp/>more<sp/>details.</highlight></codeline>
<codeline lineno="19"><highlight class="comment"><sp/>*<sp/></highlight></codeline>
<codeline lineno="20"><highlight class="comment"><sp/>*<sp/>You<sp/>should<sp/>have<sp/>received<sp/>a<sp/>copy<sp/>of<sp/>the<sp/>GNU<sp/>Lesser<sp/>General<sp/>Public</highlight></codeline>
<codeline lineno="21"><highlight class="comment"><sp/>*<sp/>License<sp/>along<sp/>with<sp/>this<sp/>library;<sp/>if<sp/>not,<sp/>write<sp/>to<sp/>the<sp/>Free<sp/>Software</highlight></codeline>
<codeline lineno="22"><highlight class="comment"><sp/>*<sp/>Foundation,<sp/>Inc.,<sp/>59<sp/>Temple<sp/>Place,<sp/>Suite<sp/>330,<sp/>Boston,<sp/>MA<sp/><sp/>02111-1307<sp/><sp/>USA</highlight></codeline>
<codeline lineno="23"><highlight class="comment"><sp/>*</highlight></codeline>
<codeline lineno="24"><highlight class="comment"><sp/>*/</highlight><highlight class="normal"></highlight></codeline>
<codeline lineno="25"><highlight class="normal"><sp/></highlight><highlight class="comment"></highlight></codeline>
<codeline lineno="26"><highlight class="comment">/**<sp/></highlight></codeline>
<codeline lineno="27"><highlight class="comment"><sp/>*<sp/>Do<sp/>a<sp/>remote<sp/>ssh<sp/>connection<sp/>with<sp/>local<sp/>password</highlight></codeline>
<codeline lineno="28"><highlight class="comment"><sp/>*/</highlight><highlight class="normal"></highlight></codeline>
<codeline lineno="29" refid="remotessh_8php_1a0" refkind="member"><highlight class="normal">function<sp/><ref refid="remotessh_8php_1a0" kindref="member">do_ssh</ref>($host,<sp/>$user,<sp/>$password,<sp/>$command)</highlight></codeline>
<codeline lineno="30"><highlight class="normal">{</highlight></codeline>
<codeline lineno="31"><highlight class="normal"><sp/><sp/><sp/><sp/><sp/><sp/><sp/><sp/>umask(0077);</highlight></codeline>
<codeline lineno="32"><highlight class="normal"><sp/><sp/><sp/><sp/><sp/><sp/><sp/><sp/><ref refid="test-pers_8php_1a4" kindref="member">$tmpfname</ref><sp/>=<sp/>tempnam(</highlight><highlight class="stringliteral">&quot;/tmp&quot;</highlight><highlight class="normal">,<sp/></highlight><highlight class="stringliteral">&quot;egTinker&quot;</highlight><highlight class="normal">);</highlight></codeline>
<codeline lineno="33"><highlight class="normal"><sp/><sp/><sp/><sp/><sp/><sp/><sp/><sp/>chmod($tmpfname,<sp/>0700);</highlight></codeline>
<codeline lineno="34"><highlight class="normal"><sp/><sp/><sp/><sp/><sp/><sp/><sp/><sp/><ref refid="test-pers_8php_1a5" kindref="member">$fp</ref><sp/>=<sp/>fopen($tmpfname,<sp/></highlight><highlight class="stringliteral">&quot;w&quot;</highlight><highlight class="normal">);</highlight></codeline>
<codeline lineno="35"><highlight class="normal"><sp/><sp/><sp/><sp/><sp/><sp/><sp/><sp/>fputs($fp,<sp/></highlight><highlight class="stringliteral">&quot;#!/bin/sh\necho<sp/>$password\n&quot;</highlight><highlight class="normal">);</highlight></codeline>
<codeline lineno="36"><highlight class="normal"><sp/><sp/><sp/><sp/><sp/><sp/><sp/><sp/>fclose($fp);</highlight></codeline>
<codeline lineno="37"><highlight class="normal"><sp/><sp/><sp/><sp/><sp/><sp/><sp/><sp/>putenv(</highlight><highlight class="stringliteral">&quot;DISPLAY=none:0.&quot;</highlight><highlight class="normal">);</highlight></codeline>
<codeline lineno="38"><highlight class="normal"><sp/><sp/><sp/><sp/><sp/><sp/><sp/><sp/>putenv(</highlight><highlight class="stringliteral">&quot;SSH_ASKPASS=$tmpfname&quot;</highlight><highlight class="normal">);</highlight></codeline>
<codeline lineno="39"><highlight class="normal"><sp/><sp/><sp/><sp/><sp/><sp/><sp/><sp/>system(</highlight><highlight class="stringliteral">&quot;ssh<sp/>-x<sp/>-t<sp/>-t<sp/>$host<sp/>-l$user<sp/>$command&quot;</highlight><highlight class="normal">);</highlight></codeline>
<codeline lineno="40"><highlight class="normal"><sp/><sp/><sp/><sp/><sp/><sp/><sp/><sp/>unlink($tmpfname);</highlight></codeline>
<codeline lineno="41"><highlight class="normal">}</highlight></codeline>
<codeline lineno="42"><highlight class="normal"></highlight><highlight class="comment"></highlight></codeline>
<codeline lineno="43"><highlight class="comment">/**</highlight></codeline>
<codeline lineno="44"><highlight class="comment"><sp/>*<sp/>Do<sp/>a<sp/>remote<sp/>scp<sp/>connection<sp/>with<sp/>local<sp/>password</highlight></codeline>
<codeline lineno="45"><highlight class="comment"><sp/>*/</highlight><highlight class="normal"></highlight></codeline>
<codeline lineno="46" refid="remotessh_8php_1a1" refkind="member"><highlight class="normal">function<sp/><ref refid="remotessh_8php_1a1" kindref="member">do_scp</ref>($origin,<sp/>$destination,<sp/>$password)</highlight></codeline>
<codeline lineno="47"><highlight class="normal">{</highlight></codeline>
<codeline lineno="48"><highlight class="normal"><sp/><sp/><sp/><sp/><sp/><sp/><sp/><sp/>umask(0077);</highlight></codeline>
<codeline lineno="49"><highlight class="normal"><sp/><sp/><sp/><sp/><sp/><sp/><sp/><sp/><ref refid="test-pers_8php_1a4" kindref="member">$tmpfname</ref><sp/>=<sp/>tempnam(</highlight><highlight class="stringliteral">&quot;/tmp&quot;</highlight><highlight class="normal">,<sp/></highlight><highlight class="stringliteral">&quot;ssh&quot;</highlight><highlight class="normal">);</highlight></codeline>
<codeline lineno="50"><highlight class="normal"><sp/><sp/><sp/><sp/><sp/><sp/><sp/><sp/>chmod($tmpfname,<sp/>0700);</highlight></codeline>
<codeline lineno="51"><highlight class="normal"><sp/><sp/><sp/><sp/><sp/><sp/><sp/><sp/><ref refid="test-pers_8php_1a5" kindref="member">$fp</ref><sp/>=<sp/>fopen($tmpfname,<sp/></highlight><highlight class="stringliteral">&quot;w&quot;</highlight><highlight class="normal">);</highlight></codeline>
<codeline lineno="52"><highlight class="normal"><sp/><sp/><sp/><sp/><sp/><sp/><sp/><sp/>fputs($fp,<sp/></highlight><highlight class="stringliteral">&quot;#!/bin/sh\necho<sp/>$password\n&quot;</highlight><highlight class="normal">);</highlight></codeline>
<codeline lineno="53"><highlight class="normal"><sp/><sp/><sp/><sp/><sp/><sp/><sp/><sp/>fclose($fp);</highlight></codeline>
<codeline lineno="54"><highlight class="normal"><sp/><sp/><sp/><sp/><sp/><sp/><sp/><sp/>putenv(</highlight><highlight class="stringliteral">&quot;DISPLAY=none:0.&quot;</highlight><highlight class="normal">);</highlight></codeline>
<codeline lineno="55"><highlight class="normal"><sp/><sp/><sp/><sp/><sp/><sp/><sp/><sp/>putenv(</highlight><highlight class="stringliteral">&quot;SSH_ASKPASS=$tmpfname&quot;</highlight><highlight class="normal">);</highlight></codeline>
<codeline lineno="56"><highlight class="normal"><sp/><sp/><sp/><sp/><sp/><sp/><sp/><sp/>system(</highlight><highlight class="stringliteral">&quot;scp<sp/>-pqrC<sp/>$origin<sp/>$destination<sp/>&amp;&quot;</highlight><highlight class="normal">);</highlight></codeline>
<codeline lineno="57"><highlight class="normal"><sp/><sp/><sp/><sp/><sp/><sp/><sp/><sp/>unlink($tmpfname);</highlight></codeline>
<codeline lineno="58"><highlight class="normal">}</highlight></codeline>
<codeline lineno="59"><highlight class="normal"></highlight></codeline>
<codeline lineno="60"><highlight class="normal"><ref refid="remotessh_8php_1a0" kindref="member">do_ssh</ref>(</highlight><highlight class="stringliteral">&quot;example.com&quot;</highlight><highlight class="normal">,<sp/></highlight><highlight class="stringliteral">&quot;user&quot;</highlight><highlight class="normal">,<sp/></highlight><highlight class="stringliteral">&quot;example.com&quot;</highlight><highlight class="normal">,<sp/></highlight><highlight class="stringliteral">&quot;ls&quot;</highlight><highlight class="normal">);</highlight></codeline>
<codeline lineno="61"><highlight class="normal"></highlight></codeline>
<codeline lineno="62"><highlight class="normal"><ref refid="remotessh_8php_1a1" kindref="member">do_scp</ref>(</highlight><highlight class="stringliteral">&quot;SSH&quot;</highlight><highlight class="normal">,<sp/></highlight><highlight class="stringliteral">&quot;user@example.com:.&quot;</highlight><highlight class="normal">,<sp/></highlight><highlight class="stringliteral">&quot;password&quot;</highlight><highlight class="normal">);</highlight></codeline>
<codeline lineno="63"><highlight class="normal"></highlight></codeline>
<codeline lineno="64"><highlight class="normal"><ref refid="remotessh_8php_1a0" kindref="member">do_ssh</ref>(</highlight><highlight class="stringliteral">&quot;example.com&quot;</highlight><highlight class="normal">,<sp/></highlight><highlight class="stringliteral">&quot;user&quot;</highlight><highlight class="normal">,<sp/></highlight><highlight class="stringliteral">&quot;password&quot;</highlight><highlight class="normal">,<sp/></highlight><highlight class="stringliteral">&quot;ls&quot;</highlight><highlight class="normal">);</highlight></codeline>
<codeline lineno="65"><highlight class="normal"><ref refid="remotessh_8php_1a0" kindref="member">do_ssh</ref>(</highlight><highlight class="stringliteral">&quot;example.com&quot;</highlight><highlight class="normal">,<sp/></highlight><highlight class="stringliteral">&quot;user&quot;</highlight><highlight class="normal">,<sp/></highlight><highlight class="stringliteral">&quot;password&quot;</highlight><highlight class="normal">,<sp/></highlight><highlight class="stringliteral">&quot;ls<sp/>SSH&quot;</highlight><highlight class="normal">);</highlight></codeline>
<codeline lineno="66"><highlight class="normal"></highlight></codeline>
<codeline lineno="67"><highlight class="normal"></highlight></codeline>
<codeline lineno="68"><highlight class="normal">?&gt;</highlight></codeline>
    </programlisting>
    <location file="/mnt/data/www/EMBnet/cgi-src/Grid/php::ssh/src/remotessh.php"/>
  </compounddef>
</doxygen>
