<?xml version="1.0" encoding="utf-8"?>
<install type="component" version="1.5.0">
	<name>Leonardo</name>
	<author>Manolis Andreadakis</author>
	<authorEmail>manolis@andreadakis.gr</authorEmail>
	<authorUrl>www.leonardoxc.net</authorUrl>	
	<creationDate>Mar 2010</creationDate>
	<copyright>(C) 2008 Manolis Andreadakis All rights reserved.</copyright>
	<license>http://www.gnu.org/copyleft/gpl.html GNU/GPL</license>
	<version>3.4.0</version>
	
	<description>Leonardo XC server</description>
	
	<files>
		<filename>leonardo.php</filename>
	</files>
	<administration>
		<menu>Leonardo</menu>
		<files>
			<filename>admin.leonardo.php</filename>
		</files>
	</administration>
</install>
